date,er_visits,icu_visits,opd_visits,aqi,temp_c,festival,er_staff_capacity,oxygen_used,n95_used,para_used,oxygen_stock,n95_stock,para_stock
2024-01-01,97,28,248,93,30.7,0,19,14,57,30,236,543,920
2024-01-02,87,26,173,81,23.6,1,11,7,23,68,229,520,852
2024-01-03,99,36,158,140,27.9,0,11,12,37,50,217,483,802
2024-01-04,112,25,221,129,29.9,0,14,8,44,30,209,439,772
2024-01-05,86,21,247,97,29.6,0,15,12,26,44,197,413,728
2024-01-06,86,20,228,98,37.1,0,11,5,57,33,192,356,695
2024-01-07,113,33,239,148,30.0,1,14,7,47,49,185,309,646
2024-01-08,101,22,169,90,26.0,0,16,10,24,39,175,585,607
2024-01-09,82,40,143,161,28.7,0,19,13,22,52,162,563,555
2024-01-10,98,17,260,97,23.7,0,19,6,50,70,156,513,885
2024-01-11,83,40,187,135,28.8,0,17,5,39,63,151,474,822
2024-01-12,83,31,189,111,26.5,0,16,14,38,75,137,436,747
2024-01-13,93,29,253,135,31.7,0,17,7,30,77,130,406,670
2024-01-14,61,26,222,106,27.4,1,18,8,59,62,122,347,608
2024-01-15,64,32,218,115,28.6,0,14,9,22,63,113,325,945
2024-01-16,81,29,286,121,27.1,0,14,7,42,68,106,583,877
2024-01-17,74,36,174,94,34.2,0,19,14,26,39,92,557,838
2024-01-18,94,30,237,138,28.0,0,13,6,42,49,86,515,789
2024-01-19,76,30,202,107,34.5,0,18,6,26,30,80,489,759
2024-01-20,68,27,210,114,31.4,0,14,11,53,42,69,436,717
2024-01-21,111,29,261,95,30.4,0,11,13,38,30,56,398,687
2024-01-22,86,31,220,55,30.1,0,19,14,28,34,242,370,653
2024-01-23,91,19,221,115,30.2,0,17,6,37,45,236,333,608
2024-01-24,68,21,242,180,23.2,0,16,11,44,44,225,589,564
2024-01-25,81,34,185,139,28.2,0,17,11,33,78,214,556,886
2024-01-26,91,31,166,119,31.5,0,12,11,44,57,203,512,829
2024-01-27,72,28,158,113,28.9,0,13,7,38,60,196,474,769
2024-01-28,95,30,121,120,24.8,0,14,11,58,52,185,416,717
2024-01-29,80,32,282,133,28.8,0,15,5,34,77,180,382,640
2024-01-30,85,26,155,90,34.1,0,10,14,35,74,166,347,566
2024-01-31,80,25,191,147,32.7,1,13,5,46,72,161,301,894
2024-02-01,117,31,188,137,28.8,0,19,9,59,46,152,542,848
2024-02-02,89,24,212,137,31.9,0,14,6,29,78,146,513,770
2024-02-03,74,32,232,130,27.9,0,16,13,23,63,133,490,707
2024-02-04,102,19,234,120,23.9,0,14,11,38,42,122,452,665
2024-02-05,71,36,176,136,26.2,0,10,8,47,43,114,405,622
2024-02-06,93,32,193,134,33.7,1,16,8,40,40,106,365,582
2024-02-07,60,31,211,111,28.2,0,17,6,33,57,100,332,925
2024-02-08,70,35,190,105,28.3,1,16,9,52,71,91,580,854
2024-02-09,92,39,264,122,28.1,1,13,8,29,61,83,551,793
2024-02-10,101,36,219,158,34.7,0,17,5,38,64,78,513,729
2024-02-11,92,18,229,89,33.9,0,14,12,49,60,66,464,669
2024-02-12,88,22,226,83,35.7,0,19,7,41,46,59,423,623
2024-02-13,85,26,246,124,28.5,0,18,10,22,76,249,401,947
2024-02-14,67,30,207,121,29.9,0,19,8,56,38,241,345,909
2024-02-15,79,33,148,124,24.5,0,14,13,37,39,228,308,870
2024-02-16,83,25,215,126,33.4,0,10,11,30,37,217,578,833
2024-02-17,105,31,173,114,25.5,0,18,13,21,50,204,557,783
2024-02-18,95,25,178,157,29.7,0,14,14,31,42,190,526,741
2024-02-19,63,26,223,79,25.7,0,15,7,25,79,183,501,662
2024-02-20,94,21,249,99,27.2,0,13,5,59,34,178,442,628
2024-02-21,84,24,200,117,26.5,0,15,9,48,35,169,394,593
2024-02-22,79,21,212,78,27.2,0,17,7,49,59,162,345,934
2024-02-23,99,24,268,115,27.4,0,12,10,21,60,152,324,874
2024-02-24,105,36,209,161,27.4,0,14,12,28,46,140,596,828
2024-02-25,103,24,304,120,31.5,0,11,8,21,40,132,575,788
2024-02-26,77,45,222,125,25.7,0,11,9,48,49,123,527,739
2024-02-27,85,32,129,88,29.7,0,16,9,52,77,114,475,662
2024-02-28,94,31,230,104,32.7,0,19,8,29,38,106,446,624
2024-02-29,104,24,215,110,27.5,0,19,8,53,31,98,393,593
2024-03-01,82,34,251,112,26.8,0,19,8,27,66,90,366,927
2024-03-02,87,26,226,152,28.3,0,15,8,56,30,82,310,897
2024-03-03,73,30,194,133,32.5,0,13,8,52,33,74,558,864
2024-03-04,72,45,151,92,29.6,0,14,9,25,65,65,533,799
2024-03-05,102,29,191,126,27.4,0,10,6,59,54,59,474,745
2024-03-06,110,36,165,132,30.5,0,16,6,38,32,53,436,713
2024-03-07,88,25,176,148,25.7,0,17,13,51,38,240,385,675
2024-03-08,105,29,223,159,31.0,0,18,6,46,51,234,339,624
2024-03-09,95,40,266,94,30.2,0,17,10,20,52,224,319,572
2024-03-10,80,26,215,99,28.1,0,14,6,52,41,218,567,931
2024-03-11,95,40,152,88,26.5,0,12,9,59,39,209,508,892
2024-03-12,113,34,217,114,26.3,0,19,8,51,63,201,457,829
2024-03-13,89,26,247,131,30.6,0,18,11,24,72,190,433,757
2024-03-14,113,33,175,144,32.7,0,15,11,36,39,179,397,718
2024-03-15,50,35,194,118,27.1,0,14,10,27,59,169,370,659
2024-03-16,102,33,200,112,30.4,0,12,14,53,51,155,317,608
2024-03-17,91,20,168,123,22.7,0,15,9,28,35,146,589,573
2024-03-18,85,25,225,99,27.2,1,12,5,42,79,141,547,894
2024-03-19,91,28,195,172,28.9,0,19,7,54,31,134,493,863
2024-03-20,60,29,216,79,26.3,0,15,13,26,59,121,467,804
2024-03-21,86,33,164,124,26.2,0,13,5,34,31,116,433,773
2024-03-22,95,31,182,170,27.0,0,11,9,39,61,107,394,712
2024-03-23,112,21,228,120,29.9,0,17,6,44,71,101,350,641
2024-03-24,82,32,185,115,28.4,0,13,8,22,45,93,328,596
2024-03-25,77,33,269,111,22.3,0,18,5,43,41,88,585,555
2024-03-26,82,33,184,115,22.6,0,16,7,53,30,81,532,925
2024-03-27,103,36,208,154,27.2,0,11,14,41,37,67,491,888
2024-03-28,94,35,237,64,30.4,0,13,11,30,77,56,461,811
2024-03-29,82,32,143,158,20.8,0,14,14,27,79,242,434,732
2024-03-30,97,29,129,84,27.5,0,12,7,58,42,235,376,690
2024-03-31,91,20,138,113,27.4,0,18,8,54,44,227,322,646
2024-04-01,104,32,250,109,33.2,0,14,6,57,73,221,565,573
2024-04-02,79,31,177,134,27.8,0,11,7,27,37,214,538,936
2024-04-03,85,31,302,80,30.1,0,12,13,56,39,201,482,897
2024-04-04,84,22,177,131,29.4,0,18,7,46,75,194,436,822
2024-04-05,68,23,207,170,22.6,1,16,9,47,34,185,389,788
2024-04-06,94,36,261,85,31.3,0,11,6,59,79,179,330,709
2024-04-07,93,29,280,124,29.6,0,18,8,53,48,171,577,661
2024-04-08,90,34,282,103,30.5,0,13,11,51,76,160,526,585
2024-04-09,86,30,248,130,40.8,0,18,11,34,67,149,492,918
2024-04-10,68,30,240,120,22.7,0,11,7,36,40,142,456,878
2024-04-11,83,35,223,103,34.2,0,19,9,52,72,133,404,806
2024-04-12,84,26,231,132,28.1,0,13,5,35,49,128,369,757
2024-04-13,77,30,177,165,29.9,0,14,14,48,49,114,321,708
2024-04-14,87,27,167,115,28.9,0,11,14,28,50,100,593,658
2024-04-15,96,27,199,137,27.7,0,19,14,52,47,86,541,611
2024-04-16,118,28,193,87,27.3,0,10,5,48,79,81,493,932
2024-04-17,92,31,181,96,30.0,0,16,9,32,39,72,461,893
2024-04-18,93,27,227,131,24.4,0,19,14,40,63,58,421,830
2024-04-19,88,37,238,157,31.3,0,10,13,40,55,245,381,775
2024-04-20,61,24,203,128,27.8,0,17,5,24,59,240,357,716
2024-04-21,89,28,259,112,25.6,0,12,5,29,38,235,328,678
2024-04-22,90,27,154,119,27.6,0,19,8,25,75,227,303,603
2024-04-23,126,38,192,88,32.8,0,15,8,32,60,219,571,943
2024-04-24,87,31,171,135,27.4,0,16,6,20,71,213,551,872
2024-04-25,94,36,125,142,30.1,0,19,13,39,33,200,512,839
2024-04-26,89,21,196,108,26.8,0,10,13,27,35,187,485,804
2024-04-27,72,31,195,108,31.3,0,15,6,29,43,181,456,761
2024-04-28,107,35,260,126,31.1,1,16,13,28,33,168,428,728
2024-04-29,101,30,225,109,34.5,0,15,10,22,55,158,406,673
2024-04-30,101,36,159,118,28.5,0,13,12,30,76,146,376,597
2024-05-01,76,26,274,172,31.0,0,10,14,31,77,132,345,920
2024-05-02,111,38,248,113,29.3,0,18,8,29,68,124,316,852
2024-05-03,68,43,223,111,32.9,0,13,6,44,46,118,572,806
2024-05-04,98,27,190,103,26.8,0,16,6,44,48,112,528,758
2024-05-05,122,27,161,138,31.2,0,16,13,30,78,99,498,680
2024-05-06,75,38,185,115,28.4,1,11,5,55,35,94,443,645
2024-05-07,81,39,243,103,28.8,1,10,11,58,58,83,385,587
2024-05-08,91,26,275,153,29.3,0,17,7,45,40,76,340,947
2024-05-09,82,27,261,155,29.8,0,17,7,33,45,69,307,902
2024-05-10,66,28,180,104,28.7,0,16,6,58,59,63,549,843
2024-05-11,91,21,155,73,29.6,0,17,14,59,54,249,490,789
2024-05-12,74,24,205,145,33.7,0,12,10,20,69,239,470,720
2024-05-13,97,23,129,102,32.0,0,11,14,23,40,225,447,680
2024-05-14,76,25,212,139,31.6,0,16,6,49,36,219,398,644
2024-05-15,113,29,194,70,27.6,0,17,14,31,55,205,367,589
2024-05-16,78,31,181,142,26.3,0,10,8,54,51,197,313,938
2024-05-17,85,39,136,89,31.9,0,19,14,32,54,183,581,884
2024-05-18,102,24,220,138,31.6,0,18,13,50,48,170,531,836
2024-05-19,71,35,178,120,33.4,0,13,13,57,60,157,474,776
2024-05-20,93,28,153,96,27.2,0,13,10,42,55,147,432,721
2024-05-21,109,29,85,109,28.3,0,12,8,23,71,139,409,650
2024-05-22,65,34,198,137,24.1,0,15,11,35,70,128,374,580
2024-05-23,92,23,270,122,27.8,0,10,5,26,65,123,348,915
2024-05-24,93,32,266,134,32.0,0,15,8,41,52,115,307,863
2024-05-25,101,30,181,169,27.6,0,11,9,48,76,106,559,787
2024-05-26,71,32,175,80,30.9,1,18,12,30,42,94,529,745
2024-05-27,70,31,218,160,28.4,0,11,6,52,54,88,477,691
2024-05-28,97,44,160,122,30.0,1,16,9,48,31,79,429,660
2024-05-29,94,26,212,97,25.6,0,10,10,58,31,69,371,629
2024-05-30,93,26,230,86,29.3,0,16,9,31,45,60,340,584
2024-05-31,95,26,249,115,20.0,0,14,13,26,38,247,314,946
2024-06-01,79,26,195,143,28.4,0,17,14,58,57,233,556,889
2024-06-02,93,26,191,116,24.1,1,13,5,45,42,228,511,847
2024-06-03,94,37,164,157,32.6,0,19,7,59,64,221,452,783
2024-06-04,79,38,166,83,31.3,0,16,6,28,70,215,424,713
2024-06-05,117,26,190,119,30.4,0,15,7,53,42,208,371,671
2024-06-06,97,25,214,88,33.6,0,14,14,32,60,194,339,611
2024-06-07,72,32,236,129,26.2,0,13,13,55,50,181,584,561
2024-06-08,99,26,167,142,34.2,0,16,13,44,61,168,540,900
2024-06-09,75,33,259,109,31.8,0,14,14,43,63,154,497,837
2024-06-10,101,31,189,54,28.3,0,14,6,36,37,148,461,800
2024-06-11,107,20,199,124,32.4,0,10,7,21,70,141,440,730
2024-06-12,77,39,170,130,25.7,0,11,8,32,77,133,408,653
2024-06-13,104,40,103,130,26.5,0,14,13,50,31,120,358,622
2024-06-14,96,26,235,150,27.2,0,12,7,48,67,113,310,555
2024-06-15,102,27,229,93,27.4,0,11,11,47,61,102,563,894
2024-06-16,118,31,188,137,25.8,0,13,7,46,69,95,517,825
2024-06-17,86,32,202,149,32.7,0,13,11,34,57,84,483,768
2024-06-18,78,33,220,75,28.2,0,13,11,50,66,73,433,702
2024-06-19,76,42,137,127,30.1,1,13,13,59,70,60,374,632
2024-06-20,77,28,178,107,27.3,0,12,6,34,30,54,340,602
2024-06-21,88,25,231,117,23.5,0,16,10,52,70,244,588,932
2024-06-22,95,21,149,128,29.8,0,18,13,39,39,231,549,893
2024-06-23,94,25,211,107,23.3,0,14,6,31,33,225,518,860
2024-06-24,102,29,145,103,28.8,0,13,6,56,64,219,462,796
2024-06-25,90,40,218,120,24.9,1,11,9,28,39,210,434,757
2024-06-26,111,26,198,92,35.0,0,11,14,42,76,196,392,681
2024-06-27,86,31,135,92,31.7,0,14,14,27,40,182,365,641
2024-06-28,130,29,246,136,29.3,0,16,14,51,43,168,314,598
2024-06-29,99,37,170,91,32.8,0,19,12,33,67,156,581,931
2024-06-30,77,45,167,136,26.5,0,19,13,46,41,143,535,890
2024-07-01,73,26,208,131,30.6,0,18,6,44,74,137,491,816
2024-07-02,97,27,245,76,29.6,0,16,9,32,46,128,459,770
2024-07-03,86,36,159,103,29.8,0,14,11,40,45,117,419,725
2024-07-04,100,34,202,149,32.8,0,19,10,50,64,107,369,661
2024-07-05,97,41,217,95,31.2,0,19,10,56,31,97,313,630
2024-07-06,88,33,227,108,29.9,0,19,11,24,40,86,589,590
2024-07-07,77,27,207,131,24.0,0,15,7,32,70,79,557,920
2024-07-08,67,33,185,139,26.1,0,12,7,47,32,72,510,888
2024-07-09,83,36,166,113,28.6,0,14,14,44,58,58,466,830
2024-07-10,102,34,203,105,29.3,0,17,13,54,47,245,412,783
2024-07-11,93,33,157,155,25.6,1,10,12,58,49,233,354,734
2024-07-12,71,36,83,163,36.2,0,10,9,26,76,224,328,658
2024-07-13,92,37,217,144,33.5,0,16,10,57,43,214,571,615
2024-07-14,95,38,236,122,30.8,0,14,14,51,63,200,520,552
2024-07-15,76,33,105,99,29.2,0,14,5,22,78,195,498,874
2024-07-16,92,28,159,99,28.4,0,10,14,58,60,181,440,814
2024-07-17,90,30,224,133,26.1,0,18,5,56,69,176,384,745
2024-07-18,72,37,282,130,29.2,0,10,8,41,71,168,343,674
2024-07-19,95,25,200,155,29.8,0,14,6,27,47,162,316,627
2024-07-20,98,32,170,136,25.3,0,19,11,36,59,151,580,568
2024-07-21,106,27,192,82,30.0,0,18,6,46,54,145,534,914
2024-07-22,105,30,254,146,28.5,1,13,14,52,48,131,482,866
2024-07-23,69,37,174,95,23.3,0,17,6,36,37,125,446,829
2024-07-24,75,31,168,110,26.4,0,15,9,31,57,116,415,772
2024-07-25,97,30,180,126,27.8,0,12,8,46,37,108,369,735
2024-07-26,97,21,161,169,34.7,0,13,12,27,60,96,342,675
2024-07-27,97,34,204,197,30.7,1,11,8,42,32,88,600,643
2024-07-28,147,33,264,135,25.0,0,10,10,48,32,78,552,611
2024-07-29,98,42,212,115,30.5,0,17,9,39,73,69,513,938
2024-07-30,107,28,189,133,24.4,0,10,6,35,51,63,478,887
2024-07-31,104,31,188,142,32.2,0,10,12,36,46,51,442,841
2024-08-01,99,31,137,111,27.6,0,13,6,35,65,245,407,776
2024-08-02,85,39,235,164,28.7,0,19,13,38,46,232,369,730
2024-08-03,101,29,196,125,33.0,0,19,13,27,43,219,342,687
2024-08-04,78,31,192,132,25.1,0,15,7,57,38,212,585,649
2024-08-05,86,33,327,136,24.8,0,18,8,57,59,204,528,590
2024-08-06,82,31,211,130,27.2,0,10,12,48,50,192,480,940
2024-08-07,91,27,169,140,32.1,0,16,13,55,41,179,425,899
2024-08-08,124,31,182,104,24.4,0,19,7,45,66,172,380,833
2024-08-09,61,36,245,106,20.5,0,14,9,50,61,163,330,772
2024-08-10,100,23,204,92,27.6,0,17,12,31,40,151,599,732
2024-08-11,65,30,142,130,30.7,0,16,7,36,49,144,563,683
2024-08-12,82,25,236,139,32.6,0,13,11,34,64,133,529,619
2024-08-13,106,37,173,131,27.6,0,13,12,28,76,121,501,943
2024-08-14,90,20,274,161,27.8,0,15,14,58,75,107,443,868
2024-08-15,73,26,243,119,32.5,0,15,7,31,40,100,412,828
2024-08-16,79,32,182,136,23.4,0,18,6,51,37,94,361,791
2024-08-17,100,39,251,92,27.8,0,14,14,44,33,80,317,758
2024-08-18,79,29,202,110,29.6,0,17,11,58,56,69,559,702
2024-08-19,93,26,234,137,30.3,0,14,13,37,73,56,522,629
2024-08-20,90,41,219,141,27.5,0,11,5,34,69,51,488,560
2024-08-21,80,21,166,112,29.1,0,15,7,51,67,244,437,893
2024-08-22,122,16,174,118,21.5,0,18,9,25,76,235,412,817
2024-08-23,99,32,241,82,27.0,0,12,7,54,59,228,358,758
2024-08-24,59,26,186,111,30.4,0,10,5,53,73,223,305,685
2024-08-25,92,23,183,142,26.1,0,10,11,57,77,212,548,608
2024-08-26,80,34,161,134,29.2,0,12,11,24,77,201,524,931
2024-08-27,102,31,216,132,30.3,0,19,14,37,56,187,487,875
2024-08-28,78,26,282,121,28.0,0,14,12,35,50,175,452,825
2024-08-29,88,22,157,120,29.5,0,12,9,27,49,166,425,776
2024-08-30,97,35,200,103,26.1,0,18,14,44,33,152,381,743
2024-08-31,102,33,256,137,28.4,0,17,9,51,40,143,330,703
2024-09-01,71,29,196,130,30.8,0,12,9,45,42,134,585,661
2024-09-02,84,41,218,132,29.5,1,18,5,41,38,129,544,623
2024-09-03,82,23,157,106,27.2,0,15,14,50,33,115,494,590
2024-09-04,80,20,217,66,29.7,0,16,9,29,41,106,465,949
2024-09-05,116,25,192,147,31.1,0,13,10,31,38,96,434,911
2024-09-06,96,29,239,108,22.9,0,13,5,47,42,91,387,869
2024-09-07,71,31,247,98,32.5,1,11,11,25,77,80,362,792
2024-09-08,103,28,303,137,28.0,0,14,5,39,55,75,323,737
2024-09-09,121,32,223,110,30.3,0,17,6,24,67,69,599,670
2024-09-10,105,22,213,146,32.6,0,16,6,42,71,63,557,599
2024-09-11,67,38,207,135,24.9,0,16,9,28,42,54,529,557
2024-09-12,82,29,185,137,26.9,0,15,14,48,68,240,481,889
2024-09-13,109,36,213,85,28.1,0,12,11,35,57,229,446,832
2024-09-14,79,32,188,150,26.6,1,14,5,41,48,224,405,784
2024-09-15,96,32,206,126,34.2,0,10,14,27,53,210,378,731
2024-09-16,101,33,252,110,26.4,0,16,5,39,48,205,339,683
2024-09-17,76,32,159,123,27.3,0,18,5,33,78,200,306,605
2024-09-18,89,33,245,75,29.6,0,10,10,58,42,190,548,563
2024-09-19,41,37,252,130,25.4,0,11,6,56,42,184,492,921
2024-09-20,74,31,195,94,27.8,0,12,5,53,57,179,439,864
2024-09-21,86,34,115,86,30.0,0,12,10,30,31,169,409,833
2024-09-22,71,29,175,81,28.0,0,17,6,59,39,163,350,794
2024-09-23,114,38,251,147,28.7,0,16,10,52,51,153,598,743
2024-09-24,68,25,199,104,27.4,1,15,14,50,42,139,548,701
2024-09-25,83,40,160,158,24.5,0,19,12,53,38,127,495,663
2024-09-26,91,29,179,106,30.0,0,19,6,26,62,121,469,601
2024-09-27,111,21,233,77,34.3,0,13,13,42,43,108,427,558
2024-09-28,68,30,221,92,29.1,0,18,12,26,77,96,401,881
2024-09-29,107,25,190,150,29.7,0,10,14,44,49,82,357,832
2024-09-30,90,35,185,116,31.1,0,11,5,22,44,77,335,788
2024-10-01,75,26,184,106,25.2,0,13,11,57,61,66,578,727
2024-10-02,96,27,163,124,34.1,0,12,14,39,62,52,539,665
2024-10-03,92,18,264,132,29.6,0,10,10,53,46,242,486,619
2024-10-04,80,27,187,147,33.9,0,14,10,49,53,232,437,566
2024-10-05,91,15,248,156,26.8,0,16,10,36,59,222,401,907
2024-10-06,84,20,260,111,34.5,0,11,10,29,42,212,372,865
2024-10-07,91,34,239,86,31.3,0,14,14,54,76,198,318,789
2024-10-08,99,34,182,109,30.7,0,15,11,39,77,187,579,712
2024-10-09,113,32,216,126,29.7,0,16,7,37,45,180,542,667
2024-10-10,71,24,199,95,28.3,0,10,10,46,31,170,496,636
2024-10-11,121,29,163,96,32.6,0,16,7,55,46,163,441,590
2024-10-12,60,29,212,128,29.4,1,13,11,42,61,152,399,929
2024-10-13,87,23,152,118,23.1,0,17,11,51,72,141,348,857
2024-10-14,98,39,247,120,25.6,1,13,12,29,37,129,319,820
2024-10-15,94,35,181,101,28.4,0,15,6,30,32,123,589,788
2024-10-16,80,28,208,114,29.9,0,18,13,57,41,110,532,747
2024-10-17,86,30,211,96,28.8,0,14,9,25,49,101,507,698
2024-10-18,82,31,189,142,32.7,0,13,13,53,45,88,454,653
2024-10-19,81,17,223,145,23.1,0,17,14,55,43,74,399,610
2024-10-20,102,28,181,73,29.4,0,18,9,56,45,65,343,565
2024-10-21,95,25,234,96,23.5,1,13,11,36,78,54,307,887
2024-10-22,79,23,146,82,31.3,0,12,13,59,72,241,548,815
2024-10-23,103,28,205,103,28.7,0,17,8,59,78,233,489,737
2024-10-24,94,40,277,117,30.3,0,14,6,31,62,227,458,675
2024-10-25,102,33,159,83,26.4,0,11,13,40,59,214,418,616
2024-10-26,99,26,172,96,32.8,0,19,6,59,41,208,359,575
2024-10-27,77,33,220,94,32.1,0,18,7,38,44,201,321,931
2024-10-28,81,38,207,125,30.8,1,12,14,22,47,187,599,884
2024-10-29,101,35,214,121,28.6,0,11,6,37,57,181,562,827
2024-10-30,99,30,219,101,30.7,0,10,7,38,52,174,524,775
2024-10-31,89,26,225,124,26.9,0,17,10,25,43,164,499,732
2024-11-01,91,34,244,106,31.6,0,12,7,35,59,157,464,673
2024-11-02,109,32,216,113,33.9,0,16,14,27,62,143,437,611
2024-11-03,81,35,190,161,32.2,0,10,12,37,74,131,400,937
2024-11-04,98,33,226,153,26.8,0,10,10,58,44,121,342,893
2024-11-05,86,36,275,87,30.1,0,18,11,31,36,110,311,857
2024-11-06,86,26,194,140,25.1,0,17,5,29,44,105,582,813
2024-11-07,106,37,161,140,30.7,1,12,7,26,71,98,556,742
2024-11-08,102,31,244,91,30.4,0,15,7,20,75,91,536,667
2024-11-09,102,42,195,140,23.4,0,12,6,55,67,85,481,600
2024-11-10,109,25,113,158,25.5,0,13,11,40,75,74,441,925
2024-11-11,90,40,233,91,28.2,0,10,13,56,73,61,385,852
2024-11-12,100,31,178,97,28.1,0,14,8,43,40,53,342,812
2024-11-13,85,26,196,145,25.4,0,10,9,44,58,244,598,754
2024-11-14,94,27,213,126,30.2,0,10,7,26,60,237,572,694
2024-11-15,88,28,207,133,29.8,0,19,13,36,54,224,536,640
2024-11-16,91,32,228,128,28.4,0,16,8,48,53,216,488,587
2024-11-17,98,33,182,129,26.7,0,15,9,49,48,207,439,939
2024-11-18,77,26,220,86,32.1,0,11,5,26,31,202,413,908
2024-11-19,121,29,189,146,34.0,0,11,6,52,51,196,361,857
2024-11-20,74,42,229,149,27.5,0,16,13,26,49,183,335,808
2024-11-21,71,40,224,114,27.2,0,10,6,43,62,177,592,746
2024-11-22,107,32,162,118,30.5,0,11,9,30,37,168,562,709
2024-11-23,101,30,243,81,27.9,1,17,12,28,54,156,534,655
2024-11-24,99,30,178,132,28.6,0,15,7,31,75,149,503,580
2024-11-25,99,33,232,134,31.2,1,11,10,54,38,139,449,942
2024-11-26,89,23,214,118,23.3,0,16,8,23,63,131,426,879
2024-11-27,76,28,273,148,33.0,0,13,11,55,52,120,371,827
2024-11-28,91,19,191,111,29.2,0,11,14,47,34,106,324,793
2024-11-29,79,32,186,134,27.8,1,15,7,32,54,99,592,739
2024-11-30,104,33,199,94,28.7,0,18,10,42,37,89,550,702
2024-12-01,87,27,187,119,28.9,0,18,14,38,45,75,512,657
2024-12-02,77,39,231,115,23.8,0,17,13,56,77,62,456,580
2024-12-03,85,22,135,125,33.5,0,12,14,58,74,248,398,906
2024-12-04,96,21,157,110,29.1,0,12,5,43,44,243,355,862
2024-12-05,81,31,157,116,30.3,0,11,7,35,30,236,320,832
2024-12-06,77,36,238,140,31.9,0,14,6,52,51,230,568,781
2024-12-07,93,40,268,109,25.9,0,13,12,31,32,218,537,749
2024-12-08,93,27,195,79,30.4,0,16,11,53,67,207,484,682
2024-12-09,82,36,193,163,28.2,0,13,6,26,43,201,458,639
2024-12-10,82,29,202,154,31.5,0,18,10,30,65,191,428,574
2024-12-11,93,28,246,87,22.6,0,11,7,50,47,184,378,927
2024-12-12,68,35,162,137,28.7,0,15,12,48,76,172,330,851
2024-12-13,68,33,209,107,27.2,0,16,14,32,70,158,598,781
2024-12-14,79,20,239,126,30.3,0,13,7,50,47,151,548,734
2024-12-15,86,38,220,127,30.4,0,15,14,21,32,137,527,702
2024-12-16,94,38,207,114,26.9,0,16,13,58,39,124,469,663
2024-12-17,112,26,240,100,26.9,0,13,5,34,78,119,435,585
2024-12-18,102,32,91,102,28.7,0,17,9,30,68,110,405,917
2024-12-19,87,32,227,97,26.3,0,18,7,53,76,103,352,841
2024-12-20,89,31,173,99,31.5,0,10,10,58,30,93,594,811
2024-12-21,74,26,126,118,27.9,1,16,14,23,56,79,571,755
2024-12-22,89,25,220,102,20.3,0,18,6,30,56,73,541,699
2024-12-23,85,29,254,137,27.9,0,19,13,48,40,60,493,659
2024-12-24,94,37,194,157,25.9,0,14,10,21,78,250,472,581
2024-12-25,77,33,238,105,24.1,1,11,11,35,34,239,437,947
2024-12-26,97,27,264,125,25.3,0,19,9,58,36,230,379,911
2024-12-27,112,34,252,132,29.3,0,15,13,32,48,217,347,863
2024-12-28,88,12,265,131,33.0,0,16,5,56,58,212,591,805
2024-12-29,96,36,229,121,29.9,0,11,9,36,44,203,555,761
2024-12-30,100,19,203,138,27.2,0,11,14,40,64,189,515,697
2024-12-31,83,27,135,132,30.4,0,19,10,38,76,179,477,621
2025-01-01,93,23,190,89,27.6,0,19,11,26,66,168,451,555
2025-01-02,90,22,166,141,26.9,0,10,8,57,41,160,394,914
2025-01-03,91,36,286,142,25.5,0,13,5,27,59,155,367,855
2025-01-04,78,27,192,100,23.7,0,16,12,32,49,143,335,806
2025-01-05,90,32,204,120,27.8,1,18,14,56,66,129,579,740
2025-01-06,97,29,222,137,29.5,0,12,8,21,32,121,558,708
2025-01-07,111,32,201,114,28.7,0,16,7,30,38,114,528,670
2025-01-08,104,30,267,146,27.8,0,16,11,43,70,103,485,600
2025-01-09,122,22,175,179,26.2,0,16,6,25,68,97,460,932
2025-01-10,78,35,207,100,30.8,1,11,12,45,55,85,415,877
2025-01-11,103,27,170,85,25.0,0,15,10,26,31,75,389,846
2025-01-12,92,20,147,127,31.3,0,11,11,58,52,64,331,794
2025-01-13,122,27,175,138,26.0,0,15,9,38,52,55,593,742
2025-01-14,77,39,198,114,26.7,0,19,13,25,50,242,568,692
2025-01-15,77,35,182,156,24.6,0,12,9,48,45,233,520,647
2025-01-16,81,27,172,86,27.5,0,11,9,58,38,224,462,609
2025-01-17,58,27,143,137,31.9,0,15,7,21,42,217,441,567
2025-01-18,82,28,196,104,30.5,1,11,5,38,57,212,403,910
2025-01-19,78,42,139,162,31.9,1,14,6,23,56,206,380,854
2025-01-20,92,32,230,169,30.6,0,11,12,25,46,194,355,808
2025-01-21,95,32,203,100,25.7,0,12,5,56,67,189,599,741
2025-01-22,118,36,141,106,28.0,0,12,11,47,65,178,552,676
2025-01-23,104,31,187,141,26.7,0,15,9,49,30,169,503,646
2025-01-24,81,28,169,110,33.0,0,15,7,26,47,162,477,599
2025-01-25,76,28,212,118,25.4,0,19,11,28,38,151,449,561
2025-01-26,97,29,253,120,31.7,0,12,13,44,42,138,405,919
2025-01-27,70,29,124,72,31.7,0,12,6,52,69,132,353,850
2025-01-28,117,34,204,119,34.5,0,10,12,20,74,120,333,776
2025-01-29,107,30,193,102,27.8,0,16,13,25,44,107,308,732
2025-01-30,82,34,226,107,31.1,0,17,7,37,72,100,571,660
2025-01-31,64,29,208,156,35.8,0,11,6,29,73,94,542,587
2025-02-01,110,30,169,88,27.1,0,13,11,47,75,83,495,912
2025-02-02,88,18,187,140,24.4,0,19,9,30,33,74,465,879
2025-02-03,108,35,168,113,23.4,0,16,9,52,62,65,413,817
2025-02-04,66,32,243,113,31.1,0,17,14,20,53,51,393,764
2025-02-05,81,35,200,139,23.4,0,10,9,32,65,242,361,699
2025-02-06,90,12,276,128,27.9,0,13,8,56,70,234,305,629
2025-02-07,90,42,197,134,30.3,0,15,9,39,39,225,566,590
2025-02-08,83,29,171,144,29.6,0,12,8,20,65,217,546,925
2025-02-09,99,36,139,111,30.3,0,14,10,22,49,207,524,876
2025-02-10,73,23,127,104,29.7,0,19,8,37,70,199,487,806
2025-02-11,87,33,136,92,32.8,0,18,6,33,74,193,454,732
2025-02-12,91,23,210,99,26.1,1,12,13,50,73,180,404,659
2025-02-13,97,26,220,193,27.0,1,14,6,46,40,174,358,619
2025-02-14,100,41,136,151,26.7,0,17,13,36,41,161,322,578
2025-02-15,73,28,235,86,31.5,0,15,14,48,47,147,574,931
2025-02-16,66,31,180,86,31.7,0,13,10,55,59,137,519,872
2025-02-17,109,35,205,132,30.4,0,17,13,56,73,124,463,799
2025-02-18,94,32,264,133,32.6,1,12,13,45,77,111,418,722
2025-02-19,78,30,235,133,25.5,0,12,7,36,66,104,382,656
2025-02-20,113,32,189,113,34.0,0,13,5,41,49,99,341,607
2025-02-21,91,44,164,116,33.6,0,18,5,44,54,94,597,553
2025-02-22,107,29,113,128,31.2,1,14,7,21,41,87,576,912
2025-02-23,91,31,171,122,34.3,0,17,9,41,50,78,535,862
2025-02-24,120,36,191,64,24.0,0,15,7,24,54,71,511,808
2025-02-25,116,36,160,114,27.4,0,12,13,23,40,58,488,768
2025-02-26,86,37,194,98,26.8,0,17,13,55,38,245,433,730
2025-02-27,104,33,203,124,31.2,0,18,7,25,79,238,408,651
2025-02-28,99,23,191,194,25.8,0,17,7,40,54,231,368,597
2025-03-01,110,39,173,129,31.3,1,13,9,32,64,222,336,933
2025-03-02,75,23,206,112,33.1,1,15,6,56,61,216,580,872
2025-03-03,100,31,217,143,31.1,0,10,10,44,78,206,536,794
2025-03-04,105,25,156,132,29.9,0,13,11,45,43,195,491,751
2025-03-05,63,29,256,130,26.0,0,17,13,58,30,182,433,721
2025-03-06,72,31,196,135,26.5,0,10,10,39,46,172,394,675
2025-03-07,59,31,200,171,32.7,0,12,7,52,54,165,342,621
2025-03-08,85,32,228,91,31.3,0,10,9,33,37,156,309,584
2025-03-09,100,39,209,131,28.9,0,18,8,55,34,148,554,950
2025-03-10,112,32,238,96,27.7,0,11,9,36,34,139,518,916
2025-03-11,91,28,211,133,22.9,0,18,12,40,70,127,478,846
2025-03-12,114,35,175,97,25.8,0,13,12,35,64,115,443,782
2025-03-13,69,37,214,109,34.7,0,11,10,35,48,105,408,734
2025-03-14,64,22,154,112,25.2,0,13,5,39,52,100,369,682
2025-03-15,89,33,204,144,29.6,0,19,12,48,38,88,321,644
2025-03-16,95,34,198,142,32.0,0,15,12,47,59,76,574,585
2025-03-17,89,28,191,88,25.2,0,16,6,27,79,70,547,906
2025-03-18,58,38,194,121,29.6,0,12,8,43,45,62,504,861
2025-03-19,88,29,124,102,31.8,0,12,6,22,62,56,482,799
2025-03-20,70,30,178,88,29.0,0,19,8,44,31,248,438,768
2025-03-21,100,28,203,114,37.6,0,17,14,38,43,234,400,725
2025-03-22,95,30,206,112,24.0,0,14,11,52,75,223,348,650
2025-03-23,75,23,158,180,32.2,0,13,13,21,30,210,327,620
2025-03-24,82,21,250,130,28.5,0,16,12,34,55,198,593,565
2025-03-25,74,39,165,85,31.3,0,16,13,41,54,185,552,911
2025-03-26,89,24,238,105,30.3,0,18,12,29,45,173,523,866
2025-03-27,104,24,217,145,26.8,0,18,6,37,44,167,486,822
2025-03-28,75,17,174,172,29.7,0,14,11,41,55,156,445,767
2025-03-29,97,26,271,80,23.4,0,17,6,46,76,150,399,691
2025-03-30,82,22,152,73,30.8,0,19,6,32,73,144,367,618
2025-03-31,78,39,236,166,29.9,0,10,8,52,45,136,315,573
2025-04-01,88,36,240,129,30.9,0,18,5,24,43,131,591,930
2025-04-02,74,25,173,98,32.2,0,17,9,45,58,122,546,872
2025-04-03,81,43,255,133,30.1,0,15,10,32,53,112,514,819
2025-04-04,72,35,189,54,29.4,0,12,13,46,76,99,468,743
2025-04-05,119,28,211,120,26.4,0,12,14,33,44,85,435,699
2025-04-06,90,15,210,128,26.9,0,17,12,43,48,73,392,651
2025-04-07,79,43,194,143,32.6,0,14,6,22,37,67,370,614
2025-04-08,93,21,232,94,33.3,0,19,5,49,63,62,321,551
2025-04-09,88,20,231,122,28.3,0,16,6,54,31,56,567,920
2025-04-10,86,36,130,96,29.1,0,14,11,33,56,245,534,864
2025-04-11,99,44,252,126,26.3,0,17,8,31,39,237,503,825
2025-04-12,101,38,133,97,32.5,1,19,14,47,64,223,456,761
2025-04-13,82,33,241,109,31.0,0,19,9,48,52,214,408,709
2025-04-14,81,33,245,95,34.8,0,13,11,36,78,203,372,631
2025-04-15,85,35,156,136,26.4,0,11,7,59,37,196,313,594
2025-04-16,55,34,183,141,27.9,0,12,14,40,57,182,573,937
2025-04-17,67,31,155,114,29.7,1,17,6,42,52,176,531,885
2025-04-18,110,30,191,120,30.9,0,16,11,39,33,165,492,852
2025-04-19,114,29,187,83,28.4,1,11,9,30,43,156,462,809
2025-04-20,86,25,231,112,26.4,0,15,5,53,71,151,409,738
2025-04-21,98,28,252,118,31.6,0,18,5,29,58,146,380,680
2025-04-22,94,19,255,185,31.2,0,13,13,29,30,133,351,650
2025-04-23,136,29,177,92,26.3,0,18,9,25,33,124,326,617
2025-04-24,106,24,191,156,33.1,0,11,5,55,61,119,571,556
2025-04-25,88,23,132,144,32.5,0,11,11,43,62,108,528,894
2025-04-26,75,31,167,127,29.4,0,18,13,31,78,95,497,816
2025-04-27,65,38,238,163,29.2,0,16,5,42,55,90,455,761
2025-04-28,93,35,264,129,30.7,1,16,14,46,46,76,409,715
2025-04-29,78,20,150,129,26.4,0,10,8,56,68,68,353,647
2025-04-30,68,24,176,118,29.1,0,15,7,25,52,61,328,595
2025-05-01,80,35,198,150,22.5,0,16,9,20,61,52,308,934
2025-05-02,73,24,211,147,31.6,0,15,11,25,44,241,583,890
2025-05-03,115,28,167,104,24.3,1,15,12,41,42,229,542,848
2025-05-04,103,33,216,87,33.5,0,11,6,43,31,223,499,817
2025-05-05,89,24,181,114,28.0,0,15,11,44,48,212,455,769
2025-05-06,112,30,199,99,28.4,0,13,5,34,53,207,421,716
2025-05-07,91,21,221,118,27.1,0,18,11,45,74,196,376,642
2025-05-08,77,26,200,150,28.1,0,10,12,27,53,184,349,589
2025-05-09,112,31,182,108,33.3,0,17,6,43,40,178,306,949
2025-05-10,98,20,195,118,21.5,0,14,13,57,51,165,549,898
2025-05-11,74,32,196,121,32.8,0,10,5,25,44,160,524,854
2025-05-12,87,29,185,141,30.0,1,13,10,54,39,150,470,815
2025-05-13,76,33,189,63,25.4,0,10,5,20,70,145,450,745
2025-05-14,69,31,263,104,25.8,0,15,7,55,56,138,395,689
2025-05-15,103,38,222,125,34.0,1,11,10,31,38,128,364,651
2025-05-16,118,30,188,150,26.2,0,14,7,57,57,121,307,594
2025-05-17,69,27,227,107,25.5,0,16,12,30,30,109,577,564
2025-05-18,98,30,186,73,32.4,0,11,9,31,46,100,546,918
2025-05-19,80,33,246,135,30.0,1,15,6,58,60,94,488,858
2025-05-20,82,30,214,104,26.2,0,15,8,26,73,86,462,785
2025-05-21,81,30,195,90,29.6,0,14,13,30,39,73,432,746
2025-05-22,77,25,217,104,25.9,0,14,8,55,66,65,377,680
2025-05-23,90,26,137,115,32.3,0,12,14,50,58,51,327,622
2025-05-24,77,21,154,104,32.2,0,19,14,52,47,237,575,575
2025-05-25,94,40,152,64,30.6,0,19,12,32,76,225,543,899
2025-05-26,89,22,205,142,30.1,0,11,9,37,67,216,506,832
2025-05-27,86,25,269,151,34.3,0,16,14,43,68,202,463,764
2025-05-28,76,25,289,136,29.0,1,10,5,28,78,197,435,686
2025-05-29,81,35,225,91,25.5,0,15,11,50,35,186,385,651
2025-05-30,101,28,220,114,30.3,0,15,7,29,69,179,356,582
2025-05-31,97,37,127,119,35.3,0,12,14,21,41,165,335,941
2025-06-01,75,25,178,134,26.0,0,11,12,57,43,153,578,898
2025-06-02,91,31,168,136,27.9,0,11,7,34,73,146,544,825
2025-06-03,101,24,175,101,30.2,0,18,5,22,39,141,522,786
2025-06-04,64,42,193,122,28.8,0,14,9,50,49,132,472,737
2025-06-05,98,22,181,131,26.1,0,16,6,25,44,126,447,693
2025-06-06,80,31,120,156,32.4,0,14,8,22,60,118,425,633
2025-06-07,98,33,229,137,36.0,0,16,5,30,36,113,395,597
2025-06-08,78,32,157,139,29.6,0,13,13,34,70,100,361,927
2025-06-09,62,28,209,122,26.3,0,17,10,47,39,90,314,888
2025-06-10,65,29,282,155,24.4,0,19,12,29,39,78,585,849
2025-06-11,90,30,163,130,29.8,0,19,8,57,77,70,528,772
2025-06-12,93,29,98,98,32.3,0,16,13,26,68,57,502,704
2025-06-13,76,35,188,155,30.4,0,19,6,34,57,51,468,647
2025-06-14,99,43,244,137,29.0,0,14,13,37,59,238,431,588
2025-06-15,65,26,278,108,27.2,0,15,9,37,66,229,394,922
2025-06-16,89,21,150,108,25.7,0,14,10,43,32,219,351,890
2025-06-17,71,29,219,127,31.5,0,16,7,21,79,212,330,811
2025-06-18,80,45,181,131,31.7,1,11,8,59,72,204,571,739
2025-06-19,90,25,195,124,24.4,0,14,10,39,44,194,532,695
2025-06-20,77,39,305,127,33.8,1,19,11,53,50,183,479,645
2025-06-21,84,40,139,162,30.7,0,12,5,45,66,178,434,579
2025-06-22,105,26,210,146,33.2,0,18,11,26,41,167,408,938
2025-06-23,81,33,218,124,25.0,0,15,5,57,33,162,351,905
2025-06-24,102,39,243,143,24.9,0,19,9,49,76,153,302,829
2025-06-25,73,27,203,94,28.6,0,12,10,24,38,143,578,791
2025-06-26,97,28,212,129,30.5,0,16,6,30,68,137,548,723
2025-06-27,111,26,184,165,34.4,0,13,14,20,71,123,528,652
2025-06-28,52,23,210,114,31.1,0,12,13,53,57,110,475,595
2025-06-29,78,26,186,98,28.3,0,17,14,20,52,96,455,943
2025-06-30,98,22,224,103,25.9,0,13,10,38,74,86,417,869
2025-07-01,86,30,185,92,32.7,0,10,11,21,69,75,396,800
2025-07-02,95,25,215,100,26.1,1,15,14,40,73,61,356,727
2025-07-03,80,31,198,110,33.9,0,19,12,39,51,249,317,676
2025-07-04,91,20,245,84,28.1,0,10,14,42,53,235,575,623
2025-07-05,87,31,197,120,33.8,0,14,5,40,55,230,535,568
2025-07-06,107,35,129,142,31.0,0,16,12,43,59,218,492,909
2025-07-07,93,18,250,97,28.6,0,15,8,23,62,210,469,847
2025-07-08,95,32,163,157,27.4,0,11,14,31,45,196,438,802
2025-07-09,83,37,173,132,28.0,0,13,12,41,51,184,397,751
2025-07-10,82,22,176,145,30.3,0,11,10,39,78,174,358,673
2025-07-11,83,40,254,103,29.2,0,10,13,37,79,161,321,594
2025-07-12,95,32,114,141,27.2,1,12,8,20,72,153,301,922
2025-07-13,83,25,325,92,28.5,0,12,6,49,47,147,552,875
2025-07-14,94,29,242,142,29.2,0,16,6,52,36,141,500,839
2025-07-15,121,33,208,124,22.6,0,10,9,43,79,132,457,760
2025-07-16,103,30,197,133,30.4,0,18,14,33,55,118,424,705
2025-07-17,85,33,211,90,26.1,0,15,13,55,37,105,369,668
2025-07-18,108,24,220,97,25.5,0,13,7,24,35,98,345,633
2025-07-19,83,31,225,134,23.9,0,12,12,30,59,86,315,574
2025-07-20,59,21,222,96,23.6,0,12,8,43,68,78,572,906
2025-07-21,74,29,203,131,24.9,0,11,10,50,52,68,522,854
2025-07-22,61,24,192,85,26.9,0,11,14,32,61,54,490,793
2025-07-23,84,25,193,141,34.9,0,19,10,35,51,244,455,742
2025-07-24,90,37,192,89,27.4,0,14,7,43,71,237,412,671
2025-07-25,115,36,245,133,29.5,0,18,9,32,72,228,380,599
2025-07-26,94,33,223,135,30.2,0,11,7,43,74,221,337,925
2025-07-27,86,23,82,102,29.4,0,11,5,45,38,216,592,887
2025-07-28,102,28,226,134,28.8,0,15,11,21,60,205,571,827
2025-07-29,56,37,207,126,25.4,0,19,8,35,36,197,536,791
2025-07-30,93,30,199,106,33.4,0,11,11,57,38,186,479,753
2025-07-31,101,43,184,94,34.4,0,13,7,20,42,179,459,711
2025-08-01,67,32,244,70,24.0,0,15,9,30,32,170,429,679
2025-08-02,107,31,237,128,25.9,0,14,9,54,64,161,375,615
2025-08-03,95,28,169,80,28.2,0,10,6,48,62,155,327,553
2025-08-04,83,30,216,122,26.1,0,15,14,56,50,141,571,903
2025-08-05,99,29,161,113,30.5,0,10,6,36,60,135,535,843
2025-08-06,124,34,144,136,26.8,0,12,8,58,63,127,477,780
2025-08-07,92,35,174,112,35.5,0,19,8,47,61,119,430,719
2025-08-08,93,25,234,111,32.6,0,14,8,48,64,111,382,655
2025-08-09,83,22,238,138,29.6,0,19,10,22,44,101,360,611
2025-08-10,77,18,220,128,32.1,0,14,6,29,61,95,331,950
2025-08-11,102,33,229,127,32.3,0,19,10,33,35,85,598,915
2025-08-12,77,23,220,131,27.3,0,15,11,31,74,74,567,841
2025-08-13,91,17,174,81,26.6,1,19,14,49,50,60,518,791
2025-08-14,82,32,217,138,29.2,0,17,7,51,62,53,467,729
2025-08-15,97,44,232,135,31.6,1,14,12,51,61,241,416,668
2025-08-16,95,29,230,94,29.4,0,10,6,51,48,235,365,620
2025-08-17,105,35,247,113,24.3,0,14,12,45,62,223,320,558
2025-08-18,82,30,228,119,26.6,0,12,9,20,57,214,600,901
2025-08-19,85,29,214,116,28.8,0,13,6,21,60,208,579,841
2025-08-20,75,35,242,128,28.8,0,17,11,36,50,197,543,791
2025-08-21,83,28,198,155,34.9,0,16,6,49,63,191,494,728
2025-08-22,95,31,164,147,24.8,0,14,10,58,44,181,436,684
2025-08-23,101,31,193,87,30.5,0,11,14,26,43,167,410,641
2025-08-24,76,25,170,135,33.5,0,15,7,46,48,160,364,593
2025-08-25,103,35,172,153,35.8,0,15,13,28,72,147,336,921
2025-08-26,110,28,194,129,27.8,0,19,7,41,44,140,595,877
2025-08-27,96,25,168,147,30.5,0,19,7,53,35,133,542,842
2025-08-28,118,33,187,170,30.7,1,15,9,20,38,124,522,804
2025-08-29,78,24,124,145,29.6,0,18,11,28,66,113,494,738
2025-08-30,71,30,208,126,28.7,1,17,12,39,49,101,455,689
2025-08-31,63,29,200,146,30.3,0,17,11,38,63,90,417,626
2025-09-01,112,36,167,123,21.4,0,10,13,55,67,77,362,559
2025-09-02,99,32,226,120,31.0,0,14,9,59,55,68,303,904
2025-09-03,89,29,237,111,29.4,0,16,14,23,47,54,580,857
2025-09-04,94,34,135,159,28.3,0,15,7,28,57,247,552,800
2025-09-05,73,38,169,99,35.1,0,14,10,41,38,237,511,762
2025-09-06,126,33,169,158,27.0,0,17,9,37,61,228,474,701
2025-09-07,91,30,162,132,27.8,0,12,8,31,35,220,443,666
2025-09-08,91,22,233,85,35.0,0,15,6,58,43,214,385,623
2025-09-09,100,23,192,129,26.5,0,14,11,28,57,203,357,566
2025-09-10,97,28,189,67,27.3,0,17,9,25,53,194,332,913
2025-09-11,93,26,119,135,28.6,0,13,8,38,42,186,594,871
2025-09-12,78,28,225,142,31.5,0,17,12,26,72,174,568,799
2025-09-13,97,30,150,105,29.6,0,19,13,35,41,161,533,758
2025-09-14,118,33,202,123,25.1,0,11,13,24,48,148,509,710
2025-09-15,110,29,211,168,27.4,0,18,7,35,50,141,474,660
2025-09-16,113,32,254,107,27.2,0,18,7,20,56,134,454,604
2025-09-17,82,30,147,93,28.8,0,19,9,56,48,125,398,556
2025-09-18,75,18,79,157,30.3,0,19,9,58,53,116,340,903
2025-09-19,88,24,207,169,30.3,0,15,14,38,55,102,302,848
2025-09-20,90,29,272,120,23.7,1,13,6,56,74,96,546,774
2025-09-21,106,22,249,145,32.2,1,13,5,36,57,91,510,717
2025-09-22,64,33,208,153,29.8,0,15,12,45,75,79,465,642
2025-09-23,112,39,180,101,33.2,0,14,7,41,47,72,424,595
2025-09-24,87,37,232,107,30.3,0,15,5,27,73,67,397,922
2025-09-25,83,28,161,150,32.3,0,16,5,52,65,62,345,857
2025-09-26,74,38,219,162,30.4,0,16,6,21,71,56,324,786
2025-09-27,65,30,220,134,33.0,0,18,10,49,58,246,575,728
2025-09-28,102,27,242,98,30.6,1,17,10,39,46,236,536,682
2025-09-29,91,26,310,169,28.7,0,15,7,37,33,229,499,649
2025-09-30,70,28,215,106,35.8,0,15,8,29,73,221,470,576
2025-10-01,70,27,179,111,31.7,0,14,6,43,74,215,427,902
2025-10-02,84,31,198,128,30.7,0,10,6,23,58,209,404,844
2025-10-03,115,30,129,158,25.2,0,18,11,56,33,198,348,811
2025-10-04,86,30,172,141,25.1,1,18,5,23,39,193,325,772
2025-10-05,67,32,183,130,29.9,0,18,11,32,54,182,593,718
2025-10-06,86,37,179,131,29.4,0,17,5,44,60,177,549,658
2025-10-07,85,35,206,121,27.2,0,19,10,32,32,167,517,626
2025-10-08,49,21,167,133,29.4,0,12,7,37,76,160,480,950
2025-10-09,89,14,244,56,33.8,0,10,12,43,31,148,437,919
2025-10-10,86,35,200,112,31.1,0,17,10,21,54,138,416,865
2025-10-11,100,21,199,126,25.6,0,16,6,52,78,132,364,787
2025-10-12,117,28,186,91,28.7,0,14,12,38,35,120,326,752
2025-10-13,106,22,206,129,26.6,0,19,9,28,55,111,598,697
2025-10-14,85,19,233,114,27.8,0,16,12,47,37,99,551,660
2025-10-15,73,33,165,163,27.8,0,19,12,54,64,87,497,596
2025-10-16,128,34,173,159,27.6,0,13,10,58,56,77,439,940
2025-10-17,90,26,187,108,25.2,0,18,6,29,54,71,410,886
2025-10-18,90,14,146,116,28.6,0,19,12,20,47,59,390,839
2025-10-19,89,26,167,118,27.3,0,11,10,40,30,249,350,809
2025-10-20,92,32,180,108,20.2,0,18,10,28,77,239,322,732
2025-10-21,87,21,234,124,35.2,0,18,12,34,68,227,588,664
2025-10-22,81,31,210,101,32.3,0,14,5,54,32,222,534,632
2025-10-23,81,29,207,91,27.9,0,10,6,24,33,216,510,599
2025-10-24,89,33,234,135,29.1,0,16,13,41,70,203,469,929
2025-10-25,81,30,194,135,25.5,0,19,12,42,66,191,427,863
2025-10-26,79,24,215,99,34.1,0,19,11,26,44,180,401,819
2025-10-27,91,37,195,142,34.7,0,13,11,42,37,169,359,782
2025-10-28,86,29,210,104,29.5,0,18,9,44,67,160,315,715
2025-10-29,112,29,176,126,32.1,0,15,6,46,79,154,569,636
2025-10-30,50,24,102,140,29.5,0,12,10,25,48,144,544,588
2025-10-31,106,27,194,119,25.0,0,15,14,53,76,130,491,912
2025-11-01,108,24,256,131,27.8,0,19,7,28,55,123,463,857
2025-11-02,58,28,237,107,29.4,0,15,8,52,68,115,411,789
2025-11-03,84,40,238,115,27.6,0,14,14,25,39,101,386,750
2025-11-04,84,21,249,114,28.3,0,11,6,56,67,95,330,683
2025-11-05,68,20,203,101,28.7,0,19,6,50,43,89,580,640
2025-11-06,78,38,207,115,28.8,0,19,12,53,78,77,527,562
2025-11-07,73,28,175,81,29.2,0,11,12,48,70,65,479,892
2025-11-08,116,25,187,107,25.8,1,16,14,33,48,51,446,844
2025-11-09,104,36,224,112,26.8,1,11,10,55,59,241,391,785
2025-11-10,109,26,248,113,25.1,0,15,9,55,34,232,336,751
2025-11-11,100,40,194,113,31.9,0,14,12,34,60,220,302,691
2025-11-12,73,34,181,118,22.7,0,13,8,27,36,212,575,655
2025-11-13,82,27,200,131,32.5,0,16,8,45,48,204,530,607
2025-11-14,97,42,224,141,33.2,0,17,9,55,60,195,475,947
2025-11-15,71,26,142,103,28.1,0,13,5,40,68,190,435,879
2025-11-16,100,34,108,89,21.2,0,10,5,47,53,185,388,826
2025-11-17,86,31,177,93,27.9,0,10,6,23,63,179,365,763
2025-11-18,84,37,151,107,28.8,0,10,12,35,52,167,330,711
2025-11-19,100,39,179,111,26.0,0,10,11,41,77,156,589,634
2025-11-20,96,30,194,100,27.5,1,14,14,31,74,142,558,560
2025-11-21,84,25,181,87,33.6,0,13,13,35,69,129,523,891
2025-11-22,107,32,258,108,31.0,0,18,9,59,35,120,464,856
2025-11-23,73,25,213,124,26.2,1,12,6,57,67,114,407,789
2025-11-24,99,42,212,134,24.2,0,16,11,56,70,103,351,719
2025-11-25,98,30,224,106,28.0,0,17,12,48,65,91,303,654
2025-11-26,85,27,154,109,28.4,0,15,11,37,56,80,566,598
2025-11-27,94,31,241,96,30.5,0,19,11,29,40,69,537,558
2025-11-28,71,21,196,119,27.4,0,10,9,58,34,60,479,924
2025-11-29,103,24,226,98,30.5,0,17,6,37,46,54,442,878
